host	logname	time	method	url	response	bytes	referer	useragent
burger.letters.com	-	804571212	GET	/images/NASA-logosmall.gif	304	0		
129.188.154.200	-	804571445	GET	/images/WORLD-logosmall.gif	200	669		
smyth-pc.moorecap.com	-	804571453	GET	/history/apollo/images/footprint-small.gif	200	18149		
burger.letters.com	-	804571573	GET	/images/NASA-logosmall.gif	304	0		
slip132.indirect.com	-	804571601	GET	/shuttle/missions/sts-71/images/KSC-95EC-0918.gif	200	31631		
brandt.xensei.com	-	804571614	GET	/shuttle/missions/sts-71/sts-71-day-04-highlights.html	200	5544		
www-proxy.crl.research.digital.com	-	804571655	GET	/images/NASA-logosmall.gif	200	786		
ppp4.sunrem.com	-	804571657	GET	/shuttle/countdown/	200	3985		
www-a1.proxy.aol.com	-	804571739	GET	/shuttle/countdown/tour.html	200	4347		
166.79.67.111	-	804571757	GET	/shuttle/countdown/count.gif	200	40310		
205.212.115.106	-	804571801	GET	/shuttle/missions/sts-71/images/KSC-95EC-0876.gif	200	51398		
129.188.154.200	-	804571829	GET	/shuttle/missions/sts-71/images/	200	16890		
200.13.2.37	-	804571943	GET	/images/KSC-logosmall.gif	200	1204		
ppp4.sunrem.com	-	804572009	GET	/shuttle/missions/sts-71/images/KSC-95EC-0918.jpg	200	46888		
156.151.176.45	-	804572203	GET	/images/USA-logosmall.gif	304	0		
ppp5.earthlight.co.nz	-	804572315	GET	/shuttle/missions/sts-70/sts-70-info.html	200	1429		
ppp160.iadfw.net	-	804572367	GET	/shuttle/missions/sts-71/sts-71-press-kit.txt	200	78588		
leet.cts.com	-	804572401	GET	/shuttle/missions/sts-71/images/index71.gif	200	235862		
slip-5.io.com	-	804572438	GET	/history/apollo/as-201/	200	1699		
ix-orl2-16.ix.netcom.com	-	804572466	GET	/shuttle/missions/sts-71/sts-71-patch-small.gif	200	12054		
annex12-36.dial.umd.edu	-	804572470	GET	/shuttle/missions/sts-71/images/images.html	200	7634		
indy2.indy.net	-	804572647	GET	/images/NASA-logosmall.gif	200	786		
thimble-d229.sierra.net	-	804572941	GET	/shuttle/countdown/	200	3985		
pm1_13.promedia.net	-	804573142	GET	/images/NASA-logosmall.gif	200	786		
larryr.cts.com	-	804573216	GET	/shuttle/countdown/countdown.html	200	3985		
ep214.itsnet.com	-	804573251	GET	/shuttle/technology/images/aft_fuselage_2-small.gif	200	45632		
dal31.pic.net	-	804573344	GET	/shuttle/missions/sts-71/sts-71-patch-small.gif	200	12054		
dal08.onramp.net	-	804573362	GET	/images/kscmap-tiny.gif	200	2537		
hoflink.com	-	804573409	GET	/shuttle/missions/100th.html	200	32303		
net79.metronet.com	-	804573527	GET	/icons/menu.xbm	304	0		
ix-hay-ca1-24.ix.netcom.com	-	804573548	GET	/	200	7074		
slip-21-15.ots.utexas.edu	-	804573597	GET	/shuttle/countdown/lps/fr.html	200	1879		
204.212.153.234	-	804573666	GET	/software/winvn/userguide/1_2.htm	200	2000		
cad118.cadvision.com	-	804573669	GET	/ksc.html	200	7074		
pc86.slt.tased.edu.au	-	804573710	GET	/shuttle/missions/sts-71/movies/movies.html	200	3092		
palona1.cns.hp.com	-	804573720	GET	/shuttle/missions/sts-70/woodpecker.html	200	2823		
bbuig150.unisys.com	-	804573733	GET	/shuttle/countdown/	200	3985		
www-a1.proxy.aol.com	-	804573802	GET	/elv/elvpage.htm	200	7890		
131.128.2.155	-	804573894	GET	/cgi-bin/imagemap/countdown?105,146	302	96		
net-1-141.eden.com	-	804574086	GET	/shuttle/countdown/count.html	200	73231		
ocn13.miracosta.cc.ca.us	-	804574145	GET	/shuttle/missions/sts-71/images/KSC-95EC-0911.jpg	200	45966		
www-d4.proxy.aol.com	-	804574659	GET	/shuttle/missions/sts-71/images/images.html	200	7634		
piweba2y.prodigy.com	-	804574841	GET	/shuttle/countdown/liftoff.html	200	4538		
s128.phxslip4.indirect.com	-	804574889	GET	/images/KSC-logosmall.gif	200	1204		
gateway.cary.ibm.com	-	804575061	GET	/images/	200	17688		
prg1.prgone.com	-	804575230	GET	/shuttle/missions/sts-71/mission-sts-71.html	200	12040		
selene.sol.cs.ritsumei.ac.jp	-	804575380	GET	/shuttle/missions/sts-71/images/KSC-95EC-0917.jpg	200	52491		
moose.erie.net	-	804575418	GET	/shuttle/missions/sts-77/sts-77-patch-small.gif	200	4179		
204.244.4.10	-	804575424	GET	/cgi-bin/imagemap/countdown?94,146	302	96		
ts02-ind-20.iquest.net	-	804575504	GET	/history/apollo/images/footprint-logo.gif	200	4209		
pm-1-25.connectnet.com	-	804575522	GET	/images/USA-logosmall.gif	200	234		
www-d1.proxy.aol.com	-	804575533	GET	/shuttle/missions/sts-71/images/KSC-95EC-0911.gif	200	31242		
prg1.prgone.com	-	804575548	GET	/shuttle/countdown/liftoff.html	200	4538		
selene.sol.cs.ritsumei.ac.jp	-	804575775	GET	/cgi-bin/imagemap/countdown?268,277	302	85		
ip36.herndon2.va.interramp.com	-	804575865	GET	/images/NASA-logosmall.gif	200	786		
slcmodem1-p1-6.intele.net	-	804576015	GET	/cgi-bin/imagemap/countdown?99,119	302	111		
www-d1.proxy.aol.com	-	804576110	GET	/images/rss.gif	200	283389		
indy1.indy.net	-	804576112	GET	/shuttle/countdown/count.gif	200	40310		
axia.ic.nanzan-u.ac.jp	-	804576150	GET	/images/NASA-logosmall.gif	200	786		
yhm0084.bekkoame.or.jp	-	804576171	GET	/images/MOSAIC-logosmall.gif	200	363		
winnie.freenet.mb.ca	-	804576175	GET	/shuttle/missions/sts-71/mission-sts-71.html	200	12040		
ip215.cap.primenet.com	-	804576325	GET	/images/construct.gif	200	1414		
ppp-hck-2-7.ios.com	-	804576450	GET	/shuttle/missions/sts-71/movies/sts-71-launch.mpg	200	49152		
ts6.northcoast.com	-	804576542	GET	/history/apollo/apollo.html	200	3258		
lanz.islandnet.com	-	804576747	GET	/shuttle/missions/missions.html	200	8677		
iglou.com	-	804576861	GET	/msfc/astro_home3.gif	200	106535		
gpu.westonia.com	-	804576939	GET	/shuttle/missions/sts-71/sts-71-patch-small.gif	304	0		
vagrant.vf.mmc.com	-	804576947	GET	/history/apollo/images/footprint-logo.gif	200	4209		
camus.mty.itesm.mx	-	804577020	GET	/images/KSC-logosmall.gif	200	1204		
202.242.14.60	-	804577235	GET	/images/ksclogo-medium.gif	200	5866		
www-d4.proxy.aol.com	-	804577261	GET	/shuttle/missions/sts-71/images/KSC-95EC-0912.txt	200	1400		
eric.njcc.com	-	804577394	GET	/history/apollo/images/apollo-logo.gif	200	3047		
ix-ir5-25.ix.netcom.com	-	804577565	GET	/history/apollo/apollo-11/apollo-11-patch-small.gif	200	11175		
www-b3.proxy.aol.com	-	804577832	GET	/images	302	0		
dyn-354.direct.ca	-	804578001	GET	/htbin/cdt_main.pl	200	3214		
mfisher.remote.ualberta.ca	-	804578113	GET	/history/apollo/apollo-13/apollo-13-patch-small.gif	200	12859		
roseanne11.slip.yorku.ca	-	804578450	GET	/images/KSC-logosmall.gif	200	1204		
www-b1.proxy.aol.com	-	804578462	GET	/shuttle/countdown/video/livevideo.gif	200	65860		
www-d1.proxy.aol.com	-	804578577	GET	/shuttle/missions/sts-71/images/KSC-95EC-0544.jpg	200	70128		
ts6.northcoast.com	-	804578734	GET	/history/apollo/apollo-13/docs/	200	377		
ix-wc7-20.ix.netcom.com	-	804578751	GET	/history/apollo/apollo-13/sounds/a13_005.wav	200	94578		
ip-pdx8-50.teleport.com	-	804578906	GET	/images/KSC-logosmall.gif	200	1204		
bradfute.vip.best.com	-	804578926	GET	/htbin/cdt_main.pl	200	3214		
vagrant.vf.mmc.com	-	804579193	GET	/history/apollo/flight-summary.txt	200	5086		
b1b.ppp.mo.net	-	804579549	GET	/shuttle/technology/images/sts-comm-small.gif	404	0		
ts2-p01.dialup.iway.fr	-	804579864	GET	/history/mercury/mr-3/mr-3.html	200	1124		
dialup51.aloha.com	-	804580018	GET	/images/NASA-logosmall.gif	200	786		
alba.demon.co.uk	-	804580031	GET	/shuttle/countdown/video/livevideo.gif	200	49152		
bass.hooked.net	-	804580081	GET	/shuttle/countdown/	200	3985		
ix-ftl1-17.ix.netcom.com	-	804580117	GET	/shuttle/missions/sts-71/mission-sts-71.html	200	12040		
slip137-5.pt.uk.ibm.net	-	804580450	GET	/images/KSC-logosmall.gif	200	1204		
204.181.43.102	-	804580491	GET	/shuttle/countdown/lps/back.gif	200	1289		
badboy.iprolink.ch	-	804580512	GET	/history/apollo/images/apollo-small.gif	200	9630		
piweba2y.prodigy.com	-	804580544	GET	/images/WORLD-logosmall.gif	200	669		
dd13-037.compuserve.com	-	804580652	GET	/shuttle/missions/sts-1/mission-sts-1.html	200	8149		
www-b1.proxy.aol.com	-	804580689	GET	/history/apollo/flight-summary.txt	200	5086		
pool03-30.innet.be	-	804580750	GET	/shuttle/missions/sts-71/sts-71-day-02-highlights.html	200	4722		
www-b1.proxy.aol.com	-	804580753	GET	/history/apollo/apollo-13/apollo-13.html	200	18114		
ip-pdx4-06.teleport.com	-	804580840	GET	/ksc.html	200	7074		
161.142.207.13	-	804580942	GET	/shuttle/missions/missions.html	200	8677		
dd14-037.compuserve.com	-	804581027	GET	/shuttle/countdown/liftoff.html	200	4538		
slip137-5.pt.uk.ibm.net	-	804581119	GET	/shuttle/technology/sts-newsref/stsref-toc.html	200	84907		
carrot.math.keio.ac.jp	-	804581438	GET	/images/ksclogo-medium.gif	200	5866		
corp-uu.infoseek.com	-	804582052	GET	/shuttle/technology/sts-newsref/sts-oms.html	200	116367		
ttyb5.shasta.com	-	804582277	GET	/	200	7074		
pc092040.oulu.fi	-	804582675	GET	/shuttle/missions/missions.html	200	8677		
ppp118.cs.mci.com	-	804582990	GET	/images/ksclogo-medium.gif	200	5866		
ppp199.aix.or.jp	-	804583070	GET	/shuttle/countdown/lps/back.gif	200	1289		
xslip36.csrv.uidaho.edu	-	804583388	GET	/images/WORLD-logosmall.gif	200	669		
crl3.crl.com	-	804583416	GET	/shuttle/technology/images/srb_mod_compare_6-small.gif	200	28219		
ppp211.st.rim.or.jp	-	804583505	GET	/shuttle/missions/sts-67/sts-67-patch-small.gif	200	17083		
disarray.demon.co.uk	-	804583727	GET	/htbin/wais.pl?IMAX	200	6923		
disarray.demon.co.uk	-	804583871	GET	/shuttle/missions/sts-71/images/images.html	200	7634		
yarrow.wt.com.au	-	804584134	GET	/images/KSC-logosmall.gif	200	1204		
192.36.3.103	-	804584429	GET	/images/launch-logo.gif	304	0		
pool03-39.innet.be	-	804584588	GET	/images/KSC-logosmall.gif	200	1204		
s254n068ppp49.csun.edu	-	804584596	GET	/shuttle/countdown/lps/fr.html	200	1879		
ep.cis.csiro.au	-	804584721	GET	/shuttle/countdown/count.gif	200	40310		
ip044.phx.primenet.com	-	804584909	GET	/images/launch-logo.gif	200	1713		
mailbox6.fv.ccc.cccd.edu	-	804585323	GET	/images/rss.gif	200	283389		
casino.edl.ei.hosei.ac.jp	-	804585986	GET	/images/lcc-small2.gif	200	58026		
rt99-18.rotterdam.nl.net	-	804586026	GET	/shuttle/countdown/count.gif	200	40310		
ad02-010.compuserve.com	-	804586545	GET	/shuttle/missions/sts-66/mission-sts-66.html	200	173983		
chi057.wwa.com	-	804586570	GET	/images/NASA-logosmall.gif	200	786		
dialind.wantree.com.au	-	804586613	GET	/shuttle/countdown/video/livevideo.gif	200	49152		
cs205.nuri.net	-	804586698	GET	/shuttle/technology/sts-newsref/stsref-toc.html	200	84907		
ppp010.st.rim.or.jp	-	804586819	GET	/shuttle/missions/sts-71/images/index71.gif	200	235862		
gea5.lif.icnet.uk	-	804586905	GET	/images/NASA-logosmall.gif	200	786		
ad02-010.compuserve.com	-	804586941	GET	/shuttle/missions/sts-67/images/KSC-95EC-0392.gif	200	87210		
ppp010.st.rim.or.jp	-	804587156	GET	/shuttle/countdown/video/livevideo.gif	200	55357		
blv-pm4-ip2.halcyon.com	-	804587263	GET	/shuttle/technology/images/et-lox_1-small.gif	200	36098		
ppp179.aix.or.jp	-	804587305	GET	/shuttle/missions/sts-71/images/KSC-95EC-0915.gif	200	29634		
cs4p8.ipswichcity.qld.gov.au	-	804587683	GET	/shuttle/missions/sts-71/	200	3373		
alice-thurman.tenet.edu	-	804587830	GET	/software/winvn/wvsmall.gif	200	13372		
berlin.snafu.de	-	804588079	GET	/shuttle/missions/sts-71/movies/sts-71-rollover.mpg	200	569688		
mullian.ee.mu.oz.au	-	804588259	GET	/shuttle/missions/sts-71/mission-sts-71.html	200	12040		
www-d1.proxy.aol.com	-	804588630	GET	/htbin/wais.pl?employment+careers+hire	200	6506		
relay.knoware.nl	-	804589011	GET	/shuttle/missions/sts-71/images/KSC-95EC-0912.gif	200	48305		
ppp4.nildram.co.uk	-	804589111	GET	/software/winvn/winvn.gif	200	25218		
133.67.121.65	-	804589254	GET	/shuttle/technology/images/mission_profile_2-small.gif	200	35540		
falafel.alt.net	-	804589299	GET	/history/apollo/apollo-15/apollo-15-patch-small.gif	200	13583		
dip112.pixi.com	-	804589467	GET	/images/NASA-logosmall.gif	200	786		
cssvh.cs.knct.ac.jp	-	804590784	GET	/cgi-bin/imagemap/fr?155,405	302	87		
pppa011.compuserve.com	-	804590806	GET	/images/ksclogo-medium.gif	200	5866		
133.66.67.9	-	804591203	GET	/images/KSC-logosmall.gif	200	1204		
async_405.italnet.it	-	804591436	GET	/images/WORLD-logosmall.gif	200	669		
poppy.hensa.ac.uk	-	804591856	GET	/images/KSC-logosmall.gif	200	1204		
cyberia10.easynet.co.uk	-	804592299	GET	/shuttle/missions/sts-71/sts-71-patch-small.gif	200	12054		
204.242.85.155	-	804592474	GET	/cgi-bin/imagemap/countdown?95,107	302	111		
slip1.vaxxine.com	-	804592597	GET	/shuttle/missions/sts-71/images/KSC-95EC-0443.jpg	200	115599		
dialup00017.cinet.itl.net	-	804592688	GET	/shuttle/missions/missions.html	200	8677		
dialup00017.cinet.itl.net	-	804592690	GET	/images/launchmedium.gif	200	11853		
slgos1p16.ozemail.com.au	-	804592758	GET	/cgi-bin/imagemap/countdown?113,108	302	111		
ip042.phx.primenet.com	-	804592923	GET	/images/KSC-logosmall.gif	200	1204		
greco-gw.dit.upm.es	-	804592934	GET	/images/MOSAIC-logosmall.gif	200	363		
slip168-79.sy.au.ibm.net	-	804593220	GET	/images/ksclogo-medium.gif	200	5866		
129.109.6.54	-	804593322	GET	/images/NASA-logosmall.gif	200	786		
rossi.astro.nwu.edu	-	804593649	HEAD	/shuttle/resources/orbiters/orbiters.html	200	0		
dawn14.cs.berkeley.edu	-	804594017	GET	/shuttle/missions/sts-66/news/sts-66-mcc-13.txt	200	1894		
151.99.247.5	-	804594202	GET	/shuttle/missions/sts-71/images/KSC-95EC-0918.jpg	200	46888		
dd13-010.compuserve.com	-	804594230	GET	/images/NASA-logosmall.gif	200	786		
139.133.213.161	-	804594602	GET	/images/KSC-logosmall.gif	304	0		
204.92.49.10	-	804594687	GET	/images/KSC-logosmall.gif	200	1204		
munsu.ulsan.ac.kr	-	804594697	GET	/images/NASA-logosmall.gif	200	786		
194.166.19.15	-	804594976	GET	/images/USA-logosmall.gif	200	234		
203.15.243.5	-	804595189	GET	/shuttle/countdown/lps/fr.html	200	1879		
203.7.133.176	-	804595436	GET	/shuttle/missions/sts-71/images/KSC-95EC-0912.jpg	200	66202		
j6.ptl4.jaring.my	-	804595848	GET	/icons/menu.xbm	200	527		
disarray.demon.co.uk	-	804597472	GET	/shuttle/countdown/	304	0		
alyssa.prodigy.com	-	804597629	GET	/images/USA-logosmall.gif	200	234		
133.54.246.57	-	804597781	GET	/cgi-bin/imagemap/countdown?325,268	302	98		
www.asahi-np.co.jp	-	804597839	GET	/shuttle/missions/sts-71/images/KSC-95EC-0915.gif	200	29634		
scfu50.ioi.tue.nl	-	804598153	GET	/icons/blank.xbm	200	509		
ares.six.udc.es	-	804598444	GET	/shuttle/resources/orbiters/enterprise.html	200	9732		
nccse.gsfc.nasa.gov	-	804598579	GET	/images/KSC-logosmall.gif	200	1204		
leeberg.polaris.net	-	804598819	GET	/shuttle/missions/sts-71/sts-71-day-04-highlights.html	200	5544		
leeberg.polaris.net	-	804598950	GET	/shuttle/missions/sts-71/sts-71-day-04-highlights.html	200	5544		
129.102.240.18	-	804598953	GET	/cgi-bin/imagemap/countdown?328,279	302	98		
burger.letters.com	-	804599061	GET	/shuttle/countdown/liftoff.html	304	0		
205.138.108.70	-	804599297	GET	/images/NASA-logosmall.gif	200	786		
pcssw10.inflab.uni-linz.ac.at	-	804599535	GET	/images/MOSAIC-logosmall.gif	200	363		
edinburgh8.easynet.co.uk	-	804599550	GET	/shuttle/countdown/	200	3985		
edinburgh8.easynet.co.uk	-	804599552	GET	/images/KSC-logosmall.gif	200	1204		
grail712.nando.net	-	804599615	GET	/images/launchmedium.gif	200	11853		
his.moc.kw	-	804599735	GET	/shuttle/technology/images/srb_mod_compare_1-small.gif	200	36902		
rzuslip2-3.unizh.ch	-	804599806	GET	/images/NASA-logosmall.gif	200	786		
nb2ppp21.acns-slp.fsu.edu	-	804599811	GET	/shuttle/countdown/count.gif	200	40310		
poppy.hensa.ac.uk	-	804599944	GET	/shuttle/resources/orbiters/orbiters-logo.gif	200	1932		
l20pc06.urc.tue.nl	-	804600021	GET	/images/NASA-logosmall.gif	200	786		
edinburgh3.easynet.co.uk	-	804600237	GET	/shuttle/missions/sts-78/sts-78-patch-small.gif	200	4179		
edinburgh3.easynet.co.uk	-	804600256	GET	/icons/blank.xbm	200	509		
as2511-3.sl017.cns.vt.edu	-	804600749	GET	/ksc.html	200	7074		
porthawkesbury-ts-11.nstn.ca	-	804601236	GET	/images/NASA-logosmall.gif	200	786		
parker.cps.cmich.edu	-	804601552	GET	/shuttle/missions/sts-71/movies/sts-71-mir-dock.mpg	200	229376		
204.248.98.66	-	804601574	GET	/cgi-bin/imagemap/countdown?102,114	302	111		
ppp-nyc-1-31.ios.com	-	804601619	GET	/history/rocket-history.txt	200	26990		
ppp-nyc-1-31.ios.com	-	804601659	GET	/history/early-astronauts.txt	200	3850		
129.11.224.6	-	804601757	GET	/images/landing-small.gif	200	16966		
ad14-018.compuserve.com	-	804601764	GET	/history/skylab/skylab.html	200	1687		
igwemc3.vub.ac.be	-	804601935	GET	/images/NASA-logosmall.gif	200	786		
piweba2y.prodigy.com	-	804601982	GET	/shuttle/countdown/	200	3985		
igwemc3.vub.ac.be	-	804601985	GET	/shuttle/missions/sts-71/images/images.html	200	7634		
lis3_p9.telepac.pt	-	804602203	GET	/shuttle/countdown/	200	3985		
spire.demon.co.uk	-	804602686	GET	/icons/blank.xbm	200	509		
ppp-81-29.bu.edu	-	804602754	GET	/shuttle/countdown/	200	3985		
sipc03.si.univ-compiegne.fr	-	804602943	GET	/shuttle/missions/sts-71/images/images.html	200	7634		
wileypc.dartmouth.edu	-	804603426	GET	/icons/menu.xbm	200	527		
romulus.ultranet.com	-	804603520	GET	/images/lc39a-logo.gif	200	13116		
h-shawshank.norfolk.infi.net	-	804604819	GET	/images/KSC-logosmall.gif	200	1204		
h-dclaiborne.norfolk.infi.net	-	804604885	GET	/images/ksclogo-medium.gif	200	5866		
carolus.vhs.me.schwaben.de	-	804605141	GET	/cgi-bin/imagemap/countdown?381,280	302	68		
alyssa.prodigy.com	-	804605477	GET	/images/KSC-logosmall.gif	304	0		
maple.grove.iup.edu	-	804605484	GET	/htbin/cdt_main.pl	200	3214		
freenet3.scri.fsu.edu	-	804605742	GET	/history/apollo/apollo-spacecraft.txt	200	2261		
hopi.gate.net	-	804605802	GET	/history/history.html	200	1502		
yhm0098.bekkoame.or.jp	-	804606006	GET	/shuttle/countdown/liftoff.html	200	4538		
diamond.cary.mci.net	-	804606126	GET	/images/NASA-logosmall.gif	200	786		
slip183-5.kw.jp.ibm.net	-	804606376	GET	/images/MOSAIC-logosmall.gif	200	363		
ih45tr.gv.psu.edu	-	804606544	GET	/history/apollo/apollo-13/apollo-13.html	200	18114		
cda2.cda.ulpgc.es	-	804606693	GET	/elv/SCOUT/scout.gif	200	1165		
ad13-010.compuserve.com	-	804606721	GET	/shuttle/missions/sts-71/sts-71-patch-small.gif	200	12054		
okc36.icon.net	-	804607212	GET	/images/KSC-logosmall.gif	200	1204		
slip7-23.fl.us.ibm.net	-	804607530	GET	/mdss/station.gif	200	5878		
128.250.245.53	-	804607734	GET	/shuttle/countdown/liftoff.html	200	4538		
jacques.dialup.cloud9.net	-	804607846	GET	/shuttle/countdown/count.gif	200	40310		
alcor.am.ub.es	-	804608079	GET	/shuttle/missions/sts-71/images/KSC-95EC-0868.jpg	200	61848		
wc7.choate.edu	-	804608080	GET	/history/history.html	200	1502		
indy2.indy.net	-	804608108	GET	/images/ksclogo-medium.gif	200	5866		
cda2.cda.ulpgc.es	-	804608262	GET	/elv/uncons.htm	200	489		
slip183-11.kw.jp.ibm.net	-	804608388	GET	/images/MOSAIC-logosmall.gif	200	363		
ix-akr-oh2-10.ix.netcom.com	-	804608488	GET	/images/MOSAIC-logosmall.gif	200	363		
slip105-28.mn.us.ibm.net	-	804608587	GET	/images/KSC-logosmall.gif	200	1204		
reboot.seanet.com	-	804608716	GET	/software/winvn/wvsmall.gif	200	13372		
slip-25-2.ots.utexas.edu	-	804609488	GET	/shuttle/countdown/	200	3985		
193.210.154.21	-	804609539	GET	/shuttle/countdown/count.gif	200	40310		
houston.clark.net	-	804609705	GET	/images/KSC-logosmall.gif	200	1204		
eic73.fiu.edu	-	804610091	GET	/shuttle/technology/sts-newsref/sts_mes.html	200	175621		
eic73.fiu.edu	-	804610110	GET	/shuttle/technology/images/et-intertank_1-small.gif	200	79791		
192.127.22.62	-	804610196	GET	/statistics/1995/Jun/Jun95_byte.gif	200	19092		
hfx-p13.isisnet.com	-	804610513	GET	/shuttle/missions/sts-71/images/index71.gif	200	73728		
ix-pas11-07.ix.netcom.com	-	804610614	GET	/shuttle/missions/missions.html	200	8677		
ad07-011.compuserve.com	-	804610631	GET	/history/apollo/images/footprint-small.gif	200	18149		
ve3mnh.blvl.igs.net	-	804610808	GET	/shuttle/countdown/	200	3985		
eic73.fiu.edu	-	804610883	GET	/images/NASA-logosmall.gif	304	0		
131.182.28.171	-	804611048	GET	/history/apollo/apollo-sa.html	200	2400		
www-d2.proxy.aol.com	-	804611234	GET	/shutle/missions/sts-71/mission-sts-71.html	404	0		
ts4-04.inforamp.net	-	804611257	GET	/images/NASA-logosmall.gif	200	786		
dd12-007.compuserve.com	-	804611273	GET	/history/history.html	200	1502		
disarray.demon.co.uk	-	804611301	GET	/shuttle/missions/sts-71/images/images.html	304	0		
ppp231.aix.or.jp	-	804611352	GET	/icons/menu.xbm	200	527		
ts4-04.inforamp.net	-	804611368	GET	/shuttle/missions/sts-67/mission-sts-67.html	200	21408		
flovmand.control.auc.dk	-	804611437	GET	/shuttle/missions/rollbacks.html	200	4127		
slip26.noc.unam.mx	-	804611441	GET	/shuttle/missions/sts-71/news	302	0		
192.127.29.43	-	804611519	GET	/images/ksclogosmall.gif	304	0		
ix-sj22-05.ix.netcom.com	-	804611541	GET	/shuttle/missions/sts-71/movies/sts-71-tcdt-crew-walkout.mpg	200	49152		
rbaldi.clark.net	-	804611647	GET	/shuttle/countdown/countdown.html	200	3985		
ix-bak-ca1-14.ix.netcom.com	-	804611685	GET	/images/ksclogosmall.gif	200	3635		
dd13-026.compuserve.com	-	804611689	GET	/icons/image.xbm	200	509		
ts4-04.inforamp.net	-	804611705	GET	/shuttle/missions/sts-74/mission-sts-74.html	200	3707		
ix-sf4-14.ix.netcom.com	-	804611709	GET	/images/KSC-logosmall.gif	200	1204		
stengel.princeton.edu	-	804611758	GET	/images/ksclogosmall.gif	200	3635		
ppp-nyc-1-32.ios.com	-	804611795	GET	/cgi-bin/imagemap/countdown?309,274	302	98		
buckbrgr.inmind.com	-	804611857	GET	/shuttle/missions/sts-71/news	302	0		
umslts1_6.umsl.edu	-	804612014	GET	/history/apollo/apollo-12/	200	1732		
baumski.slip.lm.com	-	804612241	GET	/shuttle/resources/orbiters/orbiters-logo.gif	200	1932		
pc5103.pc.cc.cmu.edu	-	804612271	GET	/shuttle/missions/sts-49/mission-sts-49.html	200	9379		
pc5103.pc.cc.cmu.edu	-	804612275	GET	/images/launch-logo.gif	200	1713		
194.20.59.131	-	804612354	GET	/shuttle/countdown/	200	3985		
204.212.153.110	-	804612497	GET	/shuttle/missions/sts-71/movies/sts-71-launch-2.mpg	200	40960		
b73.ucs.usl.edu	-	804612537	GET	/shuttle/technology/sts-newsref/sts_asm.html	200	71656		
pc5103.pc.cc.cmu.edu	-	804612676	GET	/shuttle/missions/sts-59/mission-sts-59.html	200	62368		
pc5103.pc.cc.cmu.edu	-	804612834	GET	/shuttle/missions/51-l/images/	200	1038		
exchange.datanet.net.au	-	804612844	GET	/icons/image.xbm	200	509		
marvin-fddi.prz.tu-berlin.de	-	804613508	GET	/shuttle/missions/sts-71/movies/movies.html	200	3092		
129.121.4.215	-	804613644	GET	/history/apollo/apollo-13/apollo-13.html	200	18114		
slcmodem1-p1-8.intele.net	-	804613670	GET	/shuttle/missions/sts-71/images/index71.gif	200	163840		
dffl5-32.gate.net	-	804613678	GET	/images/kscmap-tiny.gif	200	2537		
148.202.3.244	-	804613990	GET	/images/KSC-logosmall.gif	200	1204		
bocagate.bocaraton.ibm.com	-	804614073	GET	/shuttle/missions/sts-71/sts-71-patch-small.gif	200	12054		
piweba2y.prodigy.com	-	804614159	GET	/mdss/s_delta2.gif	200	4109		
204.212.153.110	-	804614262	GET	/shuttle/missions/sts-71/movies/sts-71-mir-dock-2.mpg	200	835394		
dffl5-32.gate.net	-	804614279	GET	/shuttle/missions/51-l/images/86HC125.GIF	200	100705		
dffl5-32.gate.net	-	804614373	GET	/images/USA-logosmall.gif	200	234		
ip040081.iac.net	-	804614423	GET	/shuttle/missions/missions.html	200	8677		
tserv4-port7.cmns.mnegri.it	-	804614602	GET	/history/apollo/images/footprint-small.gif	200	18149		
picalon.gun.de	-	804614815	GET	/shuttle/missions/sts-71/images/KSC-95EC-0589.jpg	200	64427		
gate.tridom.com	-	804614893	GET	/images/lc39a-logo.gif	200	13116		
itchen.maths.warwick.ac.uk	-	804615000	GET	/shuttle/missions/51-l/images/	200	1038		
line027.nwm.mindlink.net	-	804615188	GET	/images/NASA-logosmall.gif	304	0		
marvin-fddi.prz.tu-berlin.de	-	804615332	GET	/shuttle/countdown/	200	3985		
dialup-4-72.gw.umn.edu	-	804615440	GET	/images/construct.gif	304	0		
mark.unice.fr	-	804615652	GET	/shuttle/missions/sts-71/movies/crew-arrival-t38.mpg	200	305722		
piweba4y.prodigy.com	-	804615683	GET	/shuttle/missions/sts-71/sts-71-patch-small.gif	200	12054		
marvin-fddi.prz.tu-berlin.de	-	804615722	GET	/shuttle/missions/sts-71/images/index71.gif	200	235862		
dsouza.interlog.com	-	804616092	GET	/history/apollo/apollo-13/apollo-13-info.html	200	1583		
slip7-69.fl.us.ibm.net	-	804616097	GET	/images/USA-logosmall.gif	200	234		
halon.sybase.com	-	804616227	GET	/images/NASA-logosmall.gif	200	786		
ad056.du.pipex.com	-	804616239	GET	/images/MOSAIC-logosmall.gif	200	363		
line060.nwm.mindlink.net	-	804616259	GET	/images/KSC-logosmall.gif	200	1204		
zidpm6.a.tu-berlin.de	-	804617229	GET	/shuttle/countdown/count.gif	200	40310		
ts02-ind-12.iquest.net	-	804617266	GET	/images/launch-logo.gif	200	1713		
uckm001.pn.itnet.it	-	804617344	GET	/shuttle/countdown/count.gif	200	40310		
tron.cs.odu.edu	-	804617352	GET	/history/apollo/apollo-17/news/	200	377		
crc3.cris.com	-	804617434	GET	/images/USA-logosmall.gif	200	234		
137.123.200.1	-	804617436	GET	/shuttle/missions/sts-63/mission-sts-63.html	200	49152		
line60.ppp.lrz-muenchen.de	-	804617643	GET	/images/KSC-logosmall.gif	200	1204		
ix-sf6-07.ix.netcom.com	-	804617710	GET	/software/winvn/bluemarb.gif	200	4441		
ix-sf6-07.ix.netcom.com	-	804617725	GET	/images/KSC-logosmall.gif	200	1204		
ts2.northcoast.com	-	804617774	GET	/images/launch-logo.gif	200	1713		
jmmartin.dialup.francenet.fr	-	804617788	GET	/images/NASA-logosmall.gif	200	786		
osip17.ionet.net	-	804618143	GET	/shuttle/countdown/	200	3985		
slip3.earthnet.net	-	804618177	GET	/images/KSC-logosmall.gif	200	1204		
www-b2.proxy.aol.com	-	804618454	GET	/shuttle/missions/sts-71/sts-71-patch-small.gif	304	0		
www-d3.proxy.aol.com	-	804618457	GET	/shuttle/technology/sts-newsref/stsover-missions.html	200	92229		
wjvd.globalone.net	-	804618459	GET	/shuttle/missions/sts-74/mission-sts-74.html	200	3708		
204.117.155.167	-	804618485	GET	/cgi-bin/imagemap/countdown?382,270	302	68		
cosmos05.cfi.waseda.ac.jp	-	804618580	GET	/ksc.html	200	7074		
dayhoff.med.virginia.edu	-	804618659	GET	/shuttle/missions/sts-71/movies/movies.html	200	3092		
ping1.ping.be	-	804618672	GET	/images/kscmap.gif	200	177415		
cyberia6.easynet.co.uk	-	804618714	GET	/images/landing-small.gif	200	16966		
199.75.224.137	-	804618799	GET	/shuttle/missions/sts-71/images/KSC-95EC-0918.jpg	200	46888		
bonnou.lab.kdd.co.jp	-	804618948	GET	/shuttle/resources/orbiters/orbiters-logo.gif	200	1932		
ip203.phx.primenet.com	-	804619018	GET	/shuttle/missions/sts-71/sts-71-patch-small.gif	200	12054		
line051.nwm.mindlink.net	-	804619139	GET	/history/history.html	304	0		
vie1.rrnet.com	-	804619139	GET	/images/NASA-logosmall.gif	200	786		
piweba3y.prodigy.com	-	804619207	GET	/images/lc39a-logo.gif	200	13116		
poppy.hensa.ac.uk	-	804619364	GET	/shuttle/missions/sts-71/sts-71-patch-small.gif	304	0		
ntwarren.tcp.co.uk	-	804619388	GET	/images/WORLD-logosmall.gif	200	669		
dd08-053.compuserve.com	-	804619422	GET	/images/ksclogo-medium.gif	200	5866		
ip151.yum.primenet.com	-	804619694	GET	/images/KSC-logosmall.gif	200	1204		
151.124.6.107	-	804619739	GET	/shuttle/missions/sts-71/images/KSC-95EC-0912.txt	200	1400		
b73.ucs.usl.edu	-	804620277	GET	/shuttle/technology/sts-newsref/stsref-toc.html	200	84907		
www-b3.proxy.aol.com	-	804620440	GET	/ksc.html	304	0		
168.31.224.120	-	804620453	GET	/shuttle/missions/sts-71/mission-sts-71.html	200	12169		
168.31.224.120	-	804620455	GET	/shuttle/missions/sts-71/sts-71-patch-small.gif	200	12054		
dd11-058.compuserve.com	-	804620647	GET	/	200	7074		
nvcon35.pcsub9.db.erau.edu	-	804620783	GET	/shuttle/countdown/lps/c-5-6/c-5-6.html	200	4249		
168.31.224.120	-	804620890	GET	/images/mercury-logo.gif	200	6588		
130.103.48.217	-	804620907	GET	/images/NASA-logosmall.gif	304	0		
130.103.48.217	-	804620981	GET	/shuttle/missions/sts-71/mission-sts-71.html	200	12169		
130.103.48.217	-	804620983	GET	/images/launch-logo.gif	200	1713		
ad11-024.compuserve.com	-	804621059	GET	/shuttle/missions/sts-71/movies/sts-71-mir-dock-2.mpg	200	835394		
192.217.111.119	-	804621380	GET	/icons/blank.xbm	200	509		
pppb14.netaccess.on.ca	-	804621638	GET	/images/ksclogosmall.gif	200	3635		
starbase.neosoft.com	-	804621768	GET	/shuttle/missions/sts-3/sts-3-info.html	200	1405		
130.127.30.101	-	804621771	GET	/shuttle/countdown/count.gif	200	40310		
mother.cs.bham.ac.uk	-	804621784	GET	/shuttle/missions/sts-53/movies/sts-53-launch.mpg	200	1269716		
159.238.48.69	-	804621800	GET	/ksc.html	200	7074		
198.216.4.250	-	804622489	GET	/cgi-bin/imagemap/countdown?95,179	302	110		
www-d1.proxy.aol.com	-	804622684	GET	/images	302	0		
arena.carleton.ca	-	804622855	GET	/htbin/wais.pl?MIR-Rendezvous	200	6880		
line03.pm1.abb.mindlink.net	-	804623104	GET	/shuttle/countdown/video/livevideo.gif	200	66486		
net207.metronet.com	-	804623125	GET	/history/apollo/apollo-13/sounds/a13_002.wav	200	127045		
204.189.73.43	-	804623166	GET	/shuttle/countdown/count.gif	200	40310		
port44.ventura.rain.org	-	804623232	GET	/images/NASA-logosmall.gif	304	0		
ppp200.aix.or.jp	-	804623374	GET	/shuttle/missions/sts-70/sts-70-patch-small.gif	200	5026		
ewarren.mindspring.com	-	804623541	GET	/shuttle/missions/sts-71/images/images.html	200	7634		
205.206.70.134	-	804623631	GET	/	200	7074		
ip4.dmv.com.52.215.204.in-addr.arpa	-	804623940	GET	/shuttle/missions/sts-71/images/KSC-95EC-0918.jpg	200	46888		
piweba1y.prodigy.com	-	804623969	GET	/shuttle/missions/sts-59/mission-sts-59.html	200	62368		
205.160.7.46	-	804624240	GET	/shuttle/resources/orbiters/enterprise.html	200	9732		
a101002.sfo1.as.crl.com	-	804624278	GET	/shuttle/technology/images/crew_compartment_13-small.gif	200	79088		
dawn14.cs.berkeley.edu	-	804624316	GET	/shuttle/countdown	302	0		
ix-phx3-02.ix.netcom.com	-	804624439	GET	/images/WORLD-logosmall.gif	304	0		
srv1.freenet.calgary.ab.ca	-	804624442	GET	/shuttle/missions/sts-71/movies/movies.html	200	3092		
slip102.hk.super.net	-	804624617	GET	/shuttle/countdown/	200	3985		
ix-orl3-12.ix.netcom.com	-	804624806	GET	/images/KSC-logosmall.gif	200	1204		
gov6.lib.duke.edu	-	804624831	GET	/shuttle/missions/51-l/mission-51-l.html	200	6723		
netcom4.netcom.com	-	804624911	GET	/htbin/cdt_main.pl	200	3214		
l162-11.stmarys.ca	-	804625003	GET	/shuttle/missions/sts-71/images/KSC-95EC-0874.jpg	200	102381		
net-1-182.eden.com	-	804625024	GET	/history/apollo/apollo-11/apollo-11-patch-small.gif	200	11175		
199.190.250.10	-	804625062	GET	/images/lc39a.gif	200	257194		
wwwproxy.ac.il	-	804625115	GET	/images/launch-logo.gif	200	1713		
vic-dyn-21.direct.ca	-	804625173	GET	/history/apollo/images/apollo-logo.gif	200	3047		
f-umbc8.umbc.edu	-	804625220	GET	/shuttle/countdown/lps/fr.gif	200	30232		
199.190.250.10	-	804625354	GET	/history/apollo/images/apollo-insignia.gif	200	15121		
130.103.48.217	-	804625475	GET	/images/NASA-logosmall.gif	200	786		
www-d3.proxy.aol.com	-	804625492	GET	/shuttle/countdown/	200	3985		
ix-lb6-07.ix.netcom.com	-	804625532	GET	/shuttle/countdown/count.gif	200	40310		
p57.infinet.com	-	804625600	GET	/cgi-bin/imagemap/countdown?96,145	302	96		
port11.gateway2.ic.net	-	804625627	GET	/images/launch-logo.gif	200	1713		
port11.gateway2.ic.net	-	804625661	GET	/cgi-bin/imagemap/countdown?96,142	302	96		
seatimes224.seatimes.com	-	804625885	GET	/shuttle/missions/sts-71/mission-sts-71.html	200	12169		
disarray.demon.co.uk	-	804625953	GET	/shuttle/missions/sts-71/movies/sts-71-mir-dock.mpg	200	946425		
ns100.netsurf.net	-	804626060	GET	/history/apollo/images/footprint-small.gif	200	18149		
port25.iprolink.ch	-	804626063	GET	/shuttle/countdown/	304	0		
ad06-028.compuserve.com	-	804626079	GET	/shuttle/missions/sts-71/mission-sts-71.html	200	12169		
ix-stm1-23.ix.netcom.com	-	804626093	GET	/shuttle/missions/sts-71/sts-71-patch-small.gif	200	12054		
204.97.234.11	-	804626098	GET	/images/KSC-94EC-412-small.gif	200	20484		
ad02-026.compuserve.com	-	804626156	GET	/images/ksclogo-medium.gif	200	5866		
efflandt.xnet.com	-	804626168	GET	/images/NASA-logosmall.gif	200	786		
ix-stm1-23.ix.netcom.com	-	804626208	GET	/shuttle/missions/sts-71/images/KSC-95EC-0423.jpg	200	84494		
dal49.onramp.net	-	804626288	GET	/shuttle/countdown/count.gif	200	40310		
www-d2.proxy.aol.com	-	804626368	GET	/cgi-bin/imagemap/countdown?100,139	302	96		
cs500-8.sl015.cns.vt.edu	-	804626406	GET	/software/winvn/wvsmall.gif	200	13372		
199.190.250.10	-	804626627	GET	/elv/SCOUT/s_216.jpg	200	27109		
seatimes224.seatimes.com	-	804626647	GET	/shuttle/missions/sts-71/movies/sts-71-tcdt-crew-walkout.mpg	200	887988		
seatimes224.seatimes.com	-	804626821	GET	/mdss/dcy2.gif	200	5679		
veta.andersen.com	-	804626918	GET	/shuttle/resources/orbiters/orbiters-logo.gif	200	1932		
violin-15.synapse.net	-	804626941	GET	/cgi-bin/imagemap/countdown?100,111	302	111		
modem2-11.planete.net	-	804626995	GET	/images/launch-logo.gif	200	1713		
suki.vip.best.com	-	804627174	GET	/shuttle/missions/sts-70/sts-70-patch-small.gif	200	5026		
alyssa.prodigy.com	-	804627459	GET	/shuttle/missions/sts-71/sts-71-patch-small.gif	200	12054		
lis3_p6.telepac.pt	-	804627478	GET	/shuttle/missions/sts-71/images/images.html	200	7634		
blrp8.danadata.dk	-	804627792	GET	/shuttle/missions/sts-71/mission-sts-71.html	200	12169		
tsip10.ionet.net	-	804627798	GET	/shuttle/countdown/countdown.html	200	3985		
dds.dds.nl	-	804627839	GET	/cgi-bin/imagemap/countdown?373,275	302	68		
pdial1.wilmington.net	-	804627904	GET	/elv/DELTA/delta.gif	200	2244		
pdial1.wilmington.net	-	804627950	GET	//elv/vidpicp.htm	200	4251		
ppp144.iadfw.net	-	804628092	GET	/shuttle/countdown/	200	3985		
wwwproxy.ac.il	-	804628271	GET	/cgi-bin/imagemap/countdown?109,112	302	111		
hfx-p27.isisnet.com	-	804628336	GET	/history/apollo/images/apollo-small.gif	200	9630		
firewall.dfw.ibm.com	-	804628378	GET	/shuttle/countdown/tour.html	200	4347		
russ.cais.com	-	804628444	GET	/shuttle/missions/sts-71/images/KSC-95EC-0917.gif	200	30995		
ppp55.texoma.com	-	804628452	GET	/images/MOSAIC-logosmall.gif	200	363		
ricks.bu.edu	-	804628709	GET	/shuttle/missions/sts-71/sounds/	200	378		
dal569.computek.net	-	804628730	GET	/history/apollo/apollo-spacecraft.txt	200	2261		
132.236.29.83	-	804628885	GET	/history/mercury/mr-3/mr-3-patch-small.gif	200	19084		
dewey.met.fsu.edu	-	804628991	GET	/images/WORLD-logosmall.gif	200	669		
shantz338-26.ccit.arizona.edu	-	804629015	GET	/shuttle/resources/orbiters/atlantis.html	200	7025		
dd10-040.compuserve.com	-	804629180	GET	/shuttle/missions/sts-71/mission-sts-71.html	200	12169		
compass.net	-	804629342	GET	/shuttle/countdown/	200	3985		
alyssa.prodigy.com	-	804629418	GET	/shuttle/missions/sts-71/sts-71-patch-small.gif	200	12054		
ix-sj35-04.ix.netcom.com	-	804629435	GET	/shuttle/missions/sts-71/images/KSC-95EC-0918.jpg	200	46888		
ip200.sna.primenet.com	-	804629579	GET	/history/apollo/apollo-11/apollo-11.html	200	41397		
dd10-040.compuserve.com	-	804629633	GET	/images/launch.gif	200	49152		
194.90.19.68	-	804629790	GET	/shuttle/missions/sts-71/sts-71-patch-small.gif	304	0		
ppp190.iadfw.net	-	804629830	GET	/images/MOSAIC-logosmall.gif	200	363		
cad154.cadvision.com	-	804629895	GET	/cgi-bin/imagemap/countdown?94,112	302	111		
kaitsu.earthlink.net	-	804630069	GET	/shuttle/countdown/countdown.html	200	3985		
129.130.80.122	-	804630110	GET	/images/launch-logo.gif	200	1713		
kboxannex2.fullerton.edu	-	804630249	GET	/shuttle/technology/images/srb_16-small.gif	200	42732		
pm-nb1-49.coastalnet.com	-	804630284	GET	/images/KSC-logosmall.gif	200	1204		
n106.napa.community.net	-	804630361	GET	/shuttle/technology/images/et_1-small.gif	200	35624		
dal569.computek.net	-	804630680	GET	/history/apollo/apollo-13/images/70HC517.GIF	200	140644		
ix-sea5-25.ix.netcom.com	-	804631072	GET	/history/apollo/apollo-11/images/69HC913.GIF	200	74149		
slip-3-19.shore.net	-	804631267	GET	/shuttle/missions/sts-71/movies/sts-71-launch-3.mpg	200	49152		
dd01-026.compuserve.com	-	804631380	GET	/history/apollo/apollo-13/apollo-13-patch.jpg	200	49152		
134.193.52.82	-	804631526	GET	/shuttle/missions/sts-71/images/KSC-95EC-0891.jpg	200	80678		
amherst-ts-08.nstn.ca	-	804631565	GET	/history/history.html	200	1502		
hfxpm1-d147.atcon.com	-	804631599	GET	/history/apollo/apollo.html	200	3258		
ix-prn1-04.ix.netcom.com	-	804631792	GET	/history/apollo/apollo-17/	200	1732		
ix-prn1-04.ix.netcom.com	-	804631875	GET	/history/apollo/apollo-17/images/721200.GIF	200	118869		
lub13.onramp.net	-	804631976	GET	/images/KSC-logosmall.gif	200	1204		
204.117.201.58	-	804632039	GET	/elv/PEGASUS/minpeg1.gif	200	1055		
wwwproxy.sanders.com	-	804632411	GET	/shuttle/missions/sts-30/mission-sts-30.html	200	5812		
sydney-ts-19.nstn.ca	-	804632757	GET	/ksc.html	200	7074		
tuna.hooked.net	-	804632777	GET	/shuttle/missions/sts-71/images/KSC-95EC-0876.jpg	200	87766		
198.168.161.104	-	804632846	GET	/shuttle/missions/51-l/docs/	200	368		
via-annex0-34.cl.msu.edu	-	804632883	GET	/shuttle/missions/sts-71/movies/movies.html	200	3092		
194.64.178.66	-	804632919	GET	/shuttle/missions/sts-71/images/KSC-95EC-0911.gif	200	31242		
ix-bos9-12.ix.netcom.com	-	804632964	GET	/cgi-bin/imagemap/countdown?257,262	302	85		
ix-den14-15.ix.netcom.com	-	804633063	GET	/shuttle/resources/orbiters/atlantis-logo.gif	200	4179		
dd05-015.compuserve.com	-	804633066	GET	/shuttle/missions/sts-71/images/images.html	200	7634		
annex1s47.urc.tue.nl	-	804633124	GET	/images/KSC-logosmall.gif	200	1204		
line10.pm1.abb.mindlink.net	-	804633162	GET	/shuttle/technology/images/srb_mod_compare_1-small.gif	200	36902		
ts2-p08.dialup.iway.fr	-	804633233	GET	/images/NASA-logosmall.gif	304	0		
dd03-015.compuserve.com	-	804633237	GET	/history/early-astronauts.txt	200	3850		
drjo017a151.embratel.net.br	-	804633241	GET	/images/ksclogo-medium.gif	200	5866		
ix-prn1-04.ix.netcom.com	-	804633245	GET	/history/apollo/apollo-17/images/72HC971.GIF	200	140745		
ibm07.micro.umn.edu	-	804633482	GET	/images/MOSAIC-logosmall.gif	200	363		
ppp-nyc-1-3.ios.com	-	804633685	GET	/icons/text.xbm	200	527		
net-1-166.eden.com	-	804633790	GET	/icons/text.xbm	304	0		
ppp-nyc-1-3.ios.com	-	804633831	GET	/history/apollo/apollo-spacecraft.txt	200	2261		
194.166.2.5	-	804633966	GET	/	200	7074		
dd04-048.compuserve.com	-	804634090	GET	/shuttle/missions/missions.html	200	8677		
drjo005a148.embratel.net.br	-	804634122	GET	/shuttle/missions/sts-70/mission-sts-70.html	200	13470		
t0.dialup.peg.apc.org	-	804634186	GET	/history/apollo/apollo-8/apollo-8.html	200	3549		
dd06-015.compuserve.com	-	804634456	GET	/history/apollo/apollo-13/sounds/a13_004.wav	200	66764		
www-d2.proxy.aol.com	-	804634709	GET	/shuttle/missions/missions.html	200	8677		
m029.fn.net	-	804634873	GET	/cgi-bin/imagemap/countdown?98,148	302	96		
wem05.itc.uiowa.edu	-	804634881	GET	/shuttle/countdown/	200	3985		
ip109.san-diego.ca.interramp.com	-	804635050	GET	/history/apollo/images/apollo-logo.gif	200	3047		
198.165.254.13	-	804635459	GET	/shuttle/missions/sts-65/sts-65-patch-small.gif	200	11757		
drjo022a246.embratel.net.br	-	804635562	GET	/images/ksclogosmall.gif	200	3635		
dialup165.cc.columbia.edu	-	804635596	GET	/history/apollo/apollo-13/	200	1732		
mystic.ppp.ablecom.net	-	804635611	GET	/images/KSC-logosmall.gif	200	1204		
f182-051.net.wisc.edu	-	804635721	GET	/shuttle/missions/sts-74/mission-sts-74.html	200	3708		
dffl6-22.gate.net	-	804636205	GET	/	200	7074		
palmer08.corcom.com	-	804636241	GET	/shuttle/missions/sts-71/sts-71-day-01-highlights.html	200	2722		
ppp170.iadfw.net	-	804636290	GET	/history/apollo/apollo.html	200	3258		
ppp170.iadfw.net	-	804636312	GET	/history/apollo/apollo-13/apollo-13-patch-small.gif	200	12859		
palmer08.corcom.com	-	804636318	GET	/history/mercury/mr-3/mr-3.html	200	1124		
piweba3y.prodigy.com	-	804636807	GET	/shuttle/missions/sts-71/sts-71-patch-small.gif	200	12054		
c38.ucs.usl.edu	-	804637400	GET	/shuttle/missions/sts-71/images/KSC-95EC-0911.jpg	200	45966		
p11.superlink.net	-	804637518	GET	/shuttle/missions/sts-71/images/KSC-95EC-0917.gif	200	30995		
os-ppp2.datasync.com	-	804637733	GET	/images/NASA-logosmall.gif	200	786		
ip161.san-francisco.ca.interramp.com	-	804637800	GET	/msfc/astro_home.html	200	2938		
sbery.worldbank.org	-	804637905	GET	/shuttle/countdown/	200	3985		
ligea.sc.intel.com	-	804637962	GET	/shuttle/resources/orbiters/atlantis-logo.gif	200	4179		
www.mclink.it	-	804638118	GET	/shuttle/missions/sts-67/images/KSC-95EC-0381.gif	200	211329		
slip4041.sirius.com	-	804638263	GET	/images/NASA-logosmall.gif	200	786		
ip167.phx.primenet.com	-	804638351	GET	/history/apollo/apollo-13/	200	1732		
cust57.max5.san-francisco.ca.ms.uu.net	-	804638367	GET	/shuttle/missions/sts-71/mission-sts-71.html	200	12169		
concomm.netkonect.co.uk	-	804638394	GET	/shuttle/countdown/video/livevideo.gif	200	67961		
ppp201.iadfw.net	-	804639288	GET	/images/shuttle-patch-small.gif	200	4179		
piweba4y.prodigy.com	-	804639325	GET	/shuttle/missions/missions.html	200	8677		
ix-aus2-12.ix.netcom.com	-	804639635	GET	/shuttle/missions/sts-71/images/images.html	200	7634		
merc1.calon.com	-	804639742	GET	/images/ksclogo-medium.gif	200	5866		
194.47.161.45	-	804639750	GET	/shuttle/missions/sts-71/sts-71-patch-small.gif	200	12054		
www-b3.proxy.aol.com	-	804639916	GET	/	200	7074		
dialin-195.wustl.edu	-	804640495	GET	/history/apollo/apollo-11/apollo-11.html	200	41397		
129.105.11.13	-	804640497	GET	/images/lc39a-logo.gif	200	13116		
exocet.demon.co.uk	-	804640534	GET	/history/apollo/images/apollo-logo.gif	200	3047		
dialin-195.wustl.edu	-	804640574	GET	/history/apollo/images/footprint-small.gif	200	18149		
pc9.kb-pm2-1.eunet.no	-	804640610	GET	/images/launch-logo.gif	304	0		
204.131.233.9	-	804640652	GET	/shuttle/countdown/countdown.html	200	3985		
ppp-nj-32.hili.com	-	804640963	GET	/shuttle/countdown/count.gif	200	40310		
ix-nyc5-09.ix.netcom.com	-	804641261	GET	/history/apollo/images/footprint-logo.gif	200	4209		
asn1.whidbey.net	-	804641315	GET	/images/KSC-logosmall.gif	200	1204		
lwbyppp5.epix.net	-	804641415	GET	/shuttle/countdown/liftoff.html	304	0		
cooper.hip.berkeley.edu	-	804641454	GET	/shuttle/missions/sts-71/images/KSC-95EC-0915.jpg	200	39654		
slsyd2p64.ozemail.com.au	-	804641519	GET	/history/apollo/apollo-11/apollo-11-patch-small.gif	200	11175		
e5s58.syd.enternet.com.au	-	804641563	GET	/shuttle/countdown/	200	3985		
128.95.43.49	-	804641648	GET	/shuttle/missions/sts-71/sts-71-patch-small.gif	200	12054		
pm1d10.iaehv.nl	-	804641701	GET	/shuttle/missions/sts-71/images/index71.gif	200	235862		
ping1.ping.be	-	804641807	GET	/facilities/tour.html	200	3723		
sunday.isltd.insignia.com	-	804641833	GET	/shuttle/resources/orbiters/challenger.html	200	8089		
belrive.qualcomm.com	-	804641914	GET	/images/ksclogosmall.gif	200	3635		
gabriola.islandnet.com	-	804641969	GET	/icons/blank.xbm	200	509		
gradasst1.tamucc.edu	-	804641976	GET	/images/KSC-logosmall.gif	200	1204		
ppp0-128.metropolis.nl	-	804642037	GET	/shuttle/countdown/	200	3985		
ppp-wpb-142.shadow.net	-	804642187	GET	/shuttle/countdown/	200	3985		
nb-dyna108.interaccess.com	-	804642340	GET	/images/NASA-logosmall.gif	200	786		
slip159.riq.qc.ca	-	804642553	GET	/images/NASA-logosmall.gif	200	786		
goldenrule.jcpenney.com	-	804642573	GET	/shuttle/missions/sts-71/movies/movies.html	200	3092		
pm3_29.digital.net	-	804642823	GET	/images/USA-logosmall.gif	200	234		
204.227.195.36	-	804642937	GET	/images/WORLD-logosmall.gif	200	669		
ad075.du.pipex.com	-	804643302	GET	/history/apollo/apollo-13/	200	1732		
net.galactica.it	-	804643404	GET	/images/ksclogo-medium.gif	200	5866		
ix-dfw9-21.ix.netcom.com	-	804643438	GET	/images/ksclogo-medium.gif	200	5866		
